team,file_name,micro_tp,micro_fp,micro_fn,micro_precision,micro_recall,micro_f1,type_tp,type_fp,type_fn,type_precision,type_recall,type_f1
GRIAL-ATE,taskA_mental_health_predictions_detech_1.csv,12346,3633,6285,0.7726390888040553,0.6626590091782513,0.713435423288067,8416,2295,5113,0.7857342918495005,0.6220711065119373,0.6943894389438944
GRIAL-ATE,taskA_mental_health_predictions_detech_2.csv,12334,3689,6297,0.7697684578418523,0.6620149213676131,0.711837017371732,8354,2312,5175,0.7832364522782674,0.6174883583413409,0.6905558999793346
q1,q1 values of all runs,4730,1165,6801.5,0.741,0.254,0.386,4684.5,1158,5660,0.784,0.346,0.481
median,median values of all runs,7858,1686,10773,0.801,0.422,0.447,7436,1545,6093,0.801,0.55,0.498
q3,q3 values of all runs,11829.5,4126.5,13901,0.821,0.635,0.561,7869,2303.5,8844.5,0.824,0.582,0.665
