team,file_name,micro_tp,micro_fp,micro_fn,micro_precision,micro_recall,micro_f1,type_tp,type_fp,type_fn,type_precision,type_recall,type_f1
EngiNR,taskA_mental_health_terms_run_10_ccte_bsbc_atr.csv,4997,1288,13634,0.7950676213206046,0.26820889914658363,0.40110772194573774,4906,1274,8623,0.7938511326860841,0.36262842782171634,0.49784362473996646
EngiNR,taskA_mental_health_terms_run_2_ccte_only.csv,4672,980,13959,0.8266100495399858,0.25076485427513284,0.38479594778239923,4580,966,8949,0.8258204111071042,0.33853204227954764,0.48020969855832246
EngiNR,taskA_mental_health_terms_run_3_ccte_bsbc.csv,4742,1172,13889,0.8018261751775448,0.25452203317052224,0.3863923405989,4651,1159,8878,0.8005163511187607,0.3437800280878114,0.48099694917007085
EngiNR,taskA_mental_health_terms_run_7_neural_glf075_freq2.csv,4718,1111,13913,0.8094012695144965,0.2532338575492459,0.385772690106296,4718,1110,8811,0.8095401509951956,0.34873235272377856,0.4874722322673968
EngiNR,taskA_mental_health_terms_run_8_ccte_bsbc_datcf.csv,4650,1158,13981,0.8006198347107438,0.24958402662229617,0.38053930193543106,4650,1157,8879,0.8007577062166351,0.34370611279473723,0.4809681423251965
q1,q1 values of all runs,4730,1165,6801.5,0.741,0.254,0.386,4684.5,1158,5660,0.784,0.346,0.481
median,median values of all runs,7858,1686,10773,0.801,0.422,0.447,7436,1545,6093,0.801,0.55,0.498
q3,q3 values of all runs,11829.5,4126.5,13901,0.821,0.635,0.561,7869,2303.5,8844.5,0.824,0.582,0.665
