team,file_name,micro_tp,micro_fp,micro_fn,micro_precision,micro_recall,micro_f1,type_tp,type_fp,type_fn,type_precision,type_recall,type_f1
LISN,taskA_mental_health_run1_LISN_yatea-multi-single-no1char.csv,12593,15002,6038,0.4563507881862656,0.6759164832805539,0.5448448924847489,9278,13080,4251,0.41497450576974687,0.6857860891418435,0.517067461754953
LISN,taskA_mental_health_run2_LISN_deepl-invbilou-no1char-extend.csv,12534,24922,6097,0.3346326356258009,0.6727497182115828,0.44694849073760406,8078,12971,5451,0.3837712005320918,0.597087737452879,0.4672335010700446
LISN,taskA_mental_health_run3_LISN_deepl-bilou-no1char-extend.csv,8337,12672,10294,0.3968299300299871,0.4474800064408781,0.4206357214934409,4986,4675,8543,0.5160956422730566,0.36854165126764726,0.43001293661060797
q1,q1 values of all runs,4730,1165,6801.5,0.741,0.254,0.386,4684.5,1158,5660,0.784,0.346,0.481
median,median values of all runs,7858,1686,10773,0.801,0.422,0.447,7436,1545,6093,0.801,0.55,0.498
q3,q3 values of all runs,11829.5,4126.5,13901,0.821,0.635,0.561,7869,2303.5,8844.5,0.824,0.582,0.665
