team,file_name,micro_tp,micro_fp,micro_fn,micro_precision,micro_recall,micro_f1,type_tp,type_fp,type_fn,type_precision,type_recall,type_f1
In2Lab-TNT,Run1_In2Lab-TNT_taskA_mental_health_terms.csv,7847,1681,10784,0.8235726280436608,0.4211797541731523,0.5573351326396534,7436,1540,6093,0.8284313725490197,0.5496341192992831,0.6608309264607864
In2Lab-TNT,Run2_In2Lab-TNT_taskA_mental_health_terms.csv,7858,1686,10773,0.8233445096395641,0.4217701679995706,0.5577994676131323,7446,1545,6083,0.8281614948281615,0.5503732722300244,0.661278863232682
In2Lab-TNT,Run3_In2Lab-TNT_taskA_mental_health_terms.csv,8022,1785,10609,0.8179871520342612,0.4305727014116258,0.5641746958295238,7606,1641,5923,0.8225370390396886,0.5621997191218863,0.6678960309097295
In2Lab-TNT,Run4_In2Lab-TNT_taskA_mental_health_terms.csv,11325,4564,7306,0.7127572534457801,0.6078578712897859,0.6561413673232909,7660,1668,5869,0.8211835334476844,0.5661911449478897,0.6702541890886818
q1,q1 values of all runs,4730,1165,6801.5,0.741,0.254,0.386,4684.5,1158,5660,0.784,0.346,0.481
median,median values of all runs,7858,1686,10773,0.801,0.422,0.447,7436,1545,6093,0.801,0.55,0.498
q3,q3 values of all runs,11829.5,4126.5,13901,0.821,0.635,0.561,7869,2303.5,8844.5,0.824,0.582,0.665
